Timestamp,1. How was your overall experience using VeilSplit?,2. How smooth was connecting your wallet and creating a bill?,3. Do you find VeilSplit's privacy feature (stealth addresses/hidden amounts) useful?,4. Would you use this in real life (splitting rent/roommate/friend bills)?
11/07/2026 17:32:53,😍 Very easy to use,"⚡ Very fast, no issues","🔒 Yes, it's the best part","✅ Yes, definitely"
11/07/2026 17:33:03,"🙂 Decent, figured it out","⚡ Very fast, no issues","🔒 Yes, it's the best part","🤔 Maybe, need to see more"
11/07/2026 17:33:13,"🙂 Decent, figured it out","⚡ Very fast, no issues","🔒 Yes, it's the best part","✅ Yes, definitely"
11/07/2026 17:33:21,😍 Very easy to use,"⚡ Very fast, no issues","🔒 Yes, it's the best part","✅ Yes, definitely"
11/07/2026 17:33:30,😍 Very easy to use,"⚡ Very fast, no issues","🔒 Yes, it's the best part","✅ Yes, definitely"
11/07/2026 17:33:42,😍 Very easy to use,✅ Took a bit of time but got it done,👍 It's nice but not essential,"✅ Yes, definitely"
11/07/2026 17:33:53,😐 Somewhat confusing,✅ Took a bit of time but got it done,"🔒 Yes, it's the best part","🤔 Maybe, need to see more"
11/07/2026 17:34:01,😍 Very easy to use,"⚡ Very fast, no issues","🔒 Yes, it's the best part","✅ Yes, definitely"
11/07/2026 17:34:09,😍 Very easy to use,✅ Took a bit of time but got it done,"🔒 Yes, it's the best part","✅ Yes, definitely"
11/07/2026 17:34:16,😍 Very easy to use,"⚡ Very fast, no issues","🔒 Yes, it's the best part","✅ Yes, definitely"
11/07/2026 17:34:23,😍 Very easy to use,"⚡ Very fast, no issues","🔒 Yes, it's the best part","✅ Yes, definitely"
11/07/2026 17:34:31,😍 Very easy to use,"⚡ Very fast, no issues","🔒 Yes, it's the best part","✅ Yes, definitely"
11/07/2026 17:34:39,😍 Very easy to use,"⚡ Very fast, no issues","🔒 Yes, it's the best part","✅ Yes, definitely"
11/07/2026 17:34:46,😍 Very easy to use,"⚡ Very fast, no issues","🔒 Yes, it's the best part","✅ Yes, definitely"
11/07/2026 17:34:54,"🙂 Decent, figured it out","⚡ Very fast, no issues",👍 It's nice but not essential,"✅ Yes, definitely"
11/07/2026 17:35:04,😍 Very easy to use,✅ Took a bit of time but got it done,"🤷 Not sure, didn't fully understand it","🤔 Maybe, need to see more"
11/07/2026 17:35:11,😍 Very easy to use,"⚡ Very fast, no issues","🔒 Yes, it's the best part","✅ Yes, definitely"
11/07/2026 17:35:20,😍 Very easy to use,"⚡ Very fast, no issues","🔒 Yes, it's the best part","✅ Yes, definitely"
